,neuron,mae,mse,rmse,P_error
2,relu_4_4_6,0.23814874251683485,0.07477656355781118,0.2734530372071431,21.89312404325955
1,relu_4_4_5,0.23983998616536387,0.07373077365684193,0.27153411140562417,24.767586242100908
0,relu_4_4_4,0.6829036247730249,0.5561726385059137,0.7457698294419758,57.040334791355804
