,neuron,mae,mse,rmse,Perror
0,relu_9_25_21,0.09989547061713153,0.016182555790603334,0.12721067482960435,19.64177496521061
